position,ref,alt,DP,AF,DPref,DPalt,type,impact,gene,locustag,coding,protein
44,C,T,2,0.75,0,2,upstream_gene_variant,MODIFIER,ORF1ab,GU280_gp01,c.-222C>T,
76,T,A,4,0.4,3,1,upstream_gene_variant,MODIFIER,ORF1ab,GU280_gp01,c.-190T>A,
78,T,G,4,0.4,3,1,upstream_gene_variant,MODIFIER,ORF1ab,GU280_gp01,c.-188T>G,
241,C,T,9,0.889,0,9,upstream_gene_variant,MODIFIER,ORF1ab,GU280_gp01,c.-25C>T,
405,A,G,15,0.714,4,11,missense_variant,MODERATE,ORF1ab,GU280_gp01,c.140A>G,p.Lys47Arg
670,T,G,27,0.784,6,21,missense_variant,MODERATE,ORF1ab,GU280_gp01,c.405T>G,p.Ser135Arg
942,G,T,40,0.09,38,2,missense_variant,MODERATE,ORF1ab,GU280_gp01,c.677G>T,p.Arg226Met
1216,T,G,42,0.081,39,3,synonymous_variant,LOW,ORF1ab,GU280_gp01,c.951T>G,p.Leu317Leu
1454,C,T,25,0.15,22,3,missense_variant,MODERATE,ORF1ab,GU280_gp01,c.1189C>T,p.Leu397Phe
2062,C,T,29,0.111,27,2,synonymous_variant,LOW,ORF1ab,GU280_gp01,c.1797C>T,p.Ala599Ala
2334,C,T,28,0.233,23,5,missense_variant,MODERATE,ORF1ab,GU280_gp01,c.2069C>T,p.Ala690Val
2790,C,T,17,0.751,4,13,missense_variant,MODERATE,ORF1ab,GU280_gp01,c.2525C>T,p.Thr842Ile
3037,C,T,32,0.923,1,31,synonymous_variant,LOW,ORF1ab,GU280_gp01,c.2772C>T,p.Phe924Phe
3394,A,T,15,0.186,13,2,synonymous_variant,LOW,ORF1ab,GU280_gp01,c.3129A>T,p.Ala1043Ala
3500,A,T,31,0.153,27,4,missense_variant,MODERATE,ORF1ab,GU280_gp01,c.3235A>T,p.Thr1079Ser
3927,C,T,11,0.333,8,3,missense_variant,MODERATE,ORF1ab,GU280_gp01,c.3662C>T,p.Ser1221Leu
4184,G,A,13,0.848,1,12,missense_variant,MODERATE,ORF1ab,GU280_gp01,c.3919G>A,p.Gly1307Ser
4321,C,T,13,0.867,1,12,synonymous_variant,LOW,ORF1ab,GU280_gp01,c.4056C>T,p.Ala1352Ala
4586,C,T,24,0.143,22,2,synonymous_variant,LOW,ORF1ab,GU280_gp01,c.4321C>T,p.Leu1441Leu
5720,G,A,14,0.212,11,3,missense_variant,MODERATE,ORF1ab,GU280_gp01,c.5455G>A,p.Gly1819Ser
6488,A,G,17,0.175,15,2,missense_variant,MODERATE,ORF1ab,GU280_gp01,c.6223A>G,p.Ile2075Val
7310,T,C,11,0.25,9,2,synonymous_variant,LOW,ORF1ab,GU280_gp01,c.7045T>C,p.Leu2349Leu
9344,C,T,7,0.893,0,7,missense_variant,MODERATE,ORF1ab,GU280_gp01,c.9079C>T,p.Leu3027Phe
9424,A,G,17,0.787,3,14,synonymous_variant,LOW,ORF1ab,GU280_gp01,c.9159A>G,p.Val3053Val
9438,C,T,17,0.2,14,3,missense_variant,MODERATE,ORF1ab,GU280_gp01,c.9173C>T,p.Thr3058Ile
9534,C,T,5,0.718,1,4,missense_variant,MODERATE,ORF1ab,GU280_gp01,c.9269C>T,p.Thr3090Ile
9866,C,T,10,0.909,0,10,missense_variant,MODERATE,ORF1ab,GU280_gp01,c.9601C>T,p.Leu3201Phe
10029,C,T,32,0.964,1,31,missense_variant,MODERATE,ORF1ab,GU280_gp01,c.9764C>T,p.Thr3255Ile
10198,C,T,32,0.921,1,31,synonymous_variant,LOW,ORF1ab,GU280_gp01,c.9933C>T,p.Asp3311Asp
10252,C,T,27,0.124,25,2,synonymous_variant,LOW,ORF1ab,GU280_gp01,c.9987C>T,p.Phe3329Phe
10281,G,A,25,0.12,23,2,missense_variant,MODERATE,ORF1ab,GU280_gp01,c.10016G>A,p.Arg3339Lys
10447,G,A,16,0.884,2,14,synonymous_variant,LOW,ORF1ab,GU280_gp01,c.10182G>A,p.Arg3394Arg
10449,C,A,16,0.885,2,14,missense_variant,MODERATE,ORF1ab,GU280_gp01,c.10184C>A,p.Pro3395His
11083,G,T,28,0.16,23,5,missense_variant,MODERATE,ORF1ab,GU280_gp01,c.10818G>T,p.Leu3606Phe
11120,A,G,33,0.161,29,4,missense_variant,MODERATE,ORF1ab,GU280_gp01,c.10855A>G,p.Ile3619Val
11287,GTCTGGTTTT,G,37,0.938,1,36,conservative_inframe_deletion,MODERATE,ORF1ab,GU280_gp01,c.11023_11031delTCTGGTTTT,p.Ser3675_Phe3677del
11750,C,T,28,0.153,25,3,missense_variant,MODERATE,ORF1ab,GU280_gp01,c.11485C>T,p.Leu3829Phe
11956,C,T,37,0.454,20,17,synonymous_variant,LOW,ORF1ab,GU280_gp01,c.11691C>T,p.Asp3897Asp
12008,C,T,34,0.086,32,2,missense_variant,MODERATE,ORF1ab,GU280_gp01,c.11743C>T,p.Leu3915Phe
12730,T,A,35,0.195,29,6,synonymous_variant,LOW,ORF1ab,GU280_gp01,c.12465T>A,p.Ala4155Ala
12789,C,T,22,0.369,15,7,missense_variant,MODERATE,ORF1ab,GU280_gp01,c.12524C>T,p.Thr4175Ile
12880,C,T,21,0.9,1,20,synonymous_variant,LOW,ORF1ab,GU280_gp01,c.12615C>T,p.Ile4205Ile
14408,C,T,13,0.856,2,11,missense_variant,MODERATE,ORF1ab,GU280_gp01,c.14144C>T,p.Pro4715Leu
14856,A,G,27,0.239,20,7,synonymous_variant,LOW,ORF1ab,GU280_gp01,c.14592A>G,p.Val4864Val
14908,G,A,46,0.244,37,9,missense_variant,MODERATE,ORF1ab,GU280_gp01,c.14644G>A,p.Ala4882Thr
15451,G,A,21,0.902,2,19,missense_variant,MODERATE,ORF1ab,GU280_gp01,c.15187G>A,p.Gly5063Ser
15714,C,T,15,0.941,0,15,synonymous_variant,LOW,ORF1ab,GU280_gp01,c.15450C>T,p.Leu5150Leu
15738,C,T,18,0.75,4,14,synonymous_variant,LOW,ORF1ab,GU280_gp01,c.15474C>T,p.Phe5158Phe
15939,T,C,19,0.826,3,16,synonymous_variant,LOW,ORF1ab,GU280_gp01,c.15675T>C,p.Asp5225Asp
16342,T,C,31,0.549,16,15,missense_variant,MODERATE,ORF1ab,GU280_gp01,c.16078T>C,p.Ser5360Pro
16878,A,T,27,0.25,22,5,synonymous_variant,LOW,ORF1ab,GU280_gp01,c.16614A>T,p.Thr5538Thr
17410,C,T,58,0.98,0,58,missense_variant,MODERATE,ORF1ab,GU280_gp01,c.17146C>T,p.Arg5716Cys
17676,C,T,40,0.111,37,3,synonymous_variant,LOW,ORF1ab,GU280_gp01,c.17412C>T,p.Ile5804Ile
17859,T,C,33,0.84,5,28,synonymous_variant,LOW,ORF1ab,GU280_gp01,c.17595T>C,p.Tyr5865Tyr
17928,T,C,29,0.153,26,3,synonymous_variant,LOW,ORF1ab,GU280_gp01,c.17664T>C,p.Ala5888Ala
18163,A,G,44,0.894,4,40,missense_variant,MODERATE,ORF1ab,GU280_gp01,c.17899A>G,p.Ile5967Val
18703,G,T,20,0.239,15,5,missense_variant,MODERATE,ORF1ab,GU280_gp01,c.18439G>T,p.Asp6147Tyr
18828,C,T,38,0.091,36,2,synonymous_variant,LOW,ORF1ab,GU280_gp01,c.18564C>T,p.Val6188Val
19326,A,G,12,0.925,0,12,synonymous_variant,LOW,ORF1ab,GU280_gp01,c.19062A>G,p.Pro6354Pro
19955,C,T,35,0.871,3,32,missense_variant,MODERATE,ORF1ab,GU280_gp01,c.19691C>T,p.Thr6564Ile
20055,A,G,31,0.792,6,25,synonymous_variant,LOW,ORF1ab,GU280_gp01,c.19791A>G,p.Glu6597Glu
21618,C,T,8,0.556,4,4,missense_variant,MODERATE,S,GU280_gp02,c.56C>T,p.Thr19Ile
21632,TTACCCCCTG,T,11,0.667,4,7,disruptive_inframe_deletion,MODERATE,S,GU280_gp02,c.71_79delTACCCCCTG,p.Leu24_Ala27delinsSer
21810,T,C,18,0.825,3,15,missense_variant,MODERATE,S,GU280_gp02,c.248T>C,p.Val83Ala
21987,G,A,4,0.842,0,4,missense_variant,MODERATE,S,GU280_gp02,c.425G>A,p.Gly142Asp
21990,TTTA,T,4,0.842,0,4,disruptive_inframe_deletion,MODERATE,S,GU280_gp02,c.432_434delTTA,p.Tyr145del
22000,C,A,5,0.864,0,5,missense_variant,MODERATE,S,GU280_gp02,c.438C>A,p.His146Gln
22109,C,G,4,0.841,0,4,missense_variant,MODERATE,S,GU280_gp02,c.547C>G,p.Gln183Glu
22152,T,C,3,0.329,2,1,missense_variant,MODERATE,S,GU280_gp02,c.590T>C,p.Ile197Thr
22161,A,G,3,0.329,2,1,missense_variant,MODERATE,S,GU280_gp02,c.599A>G,p.Tyr200Cys
22200,T,A,4,0.811,0,4,missense_variant,MODERATE,S,GU280_gp02,c.638T>A,p.Val213Glu
22317,G,T,14,0.638,6,8,missense_variant,MODERATE,S,GU280_gp02,c.755G>T,p.Gly252Val
22577,GG,CA,14,0.929,0,14,missense_variant,MODERATE,S,GU280_gp02,c.1015_1016delGGinsCA,p.Gly339His
22599,G,C,11,0.833,1,10,missense_variant,MODERATE,S,GU280_gp02,c.1037G>C,p.Arg346Thr
22664,C,A,8,0.75,1,7,missense_variant,MODERATE,S,GU280_gp02,c.1102C>A,p.Leu368Ile
22674,C,T,8,0.714,2,6,missense_variant,MODERATE,S,GU280_gp02,c.1112C>T,p.Ser371Phe
22679,T,C,8,0.714,2,6,missense_variant,MODERATE,S,GU280_gp02,c.1117T>C,p.Ser373Pro
22686,C,T,5,0.6,2,3,missense_variant,MODERATE,S,GU280_gp02,c.1124C>T,p.Ser375Phe
22688,A,G,5,0.6,2,3,missense_variant,MODERATE,S,GU280_gp02,c.1126A>G,p.Thr376Ala
22942,T,G,2,0.5,1,1,missense_variant,MODERATE,S,GU280_gp02,c.1380T>G,p.Asn460Lys
22992,G,A,5,0.571,2,3,missense_variant,MODERATE,S,GU280_gp02,c.1430G>A,p.Ser477Asn
22995,C,A,7,0.23,3,1,missense_variant,MODERATE,S,GU280_gp02,c.1433C>A,p.Thr478Lys
22995,C,G,7,0.436,3,3,missense_variant,MODERATE,S,GU280_gp02,c.1433C>G,p.Thr478Arg
23013,A,C,7,0.667,2,5,missense_variant,MODERATE,S,GU280_gp02,c.1451A>C,p.Glu484Ala
23018,TT,CC,7,0.542,3,4,missense_variant,MODERATE,S,GU280_gp02,c.1456_1457delTTinsCC,p.Phe486Pro
23019,T,C,5,0.574,2,3,missense_variant,MODERATE,S,GU280_gp02,c.1457T>C,p.Phe486Ser
23031,T,C,8,0.667,2,6,missense_variant,MODERATE,S,GU280_gp02,c.1469T>C,p.Phe490Ser
23039,C,A,8,0.4,5,3,missense_variant,MODERATE,S,GU280_gp02,c.1477C>A,p.Gln493Lys
23053,C,CTA,8,0.333,6,2,frameshift_variant,HIGH,S,GU280_gp02,c.1491_1492insTA,p.Gln498fs
23055,A,G,8,0.6,0,6,missense_variant,MODERATE,S,GU280_gp02,c.1493A>G,p.Gln498Arg
23055,AAC,A,8,0.3,0,2,frameshift_variant,HIGH,S,GU280_gp02,c.1494_1495delAC,p.Gln498fs
23059,C,G,8,0.333,6,2,synonymous_variant,LOW,S,GU280_gp02,c.1497C>G,p.Pro499Pro
23063,A,T,8,0.7,2,6,missense_variant,MODERATE,S,GU280_gp02,c.1501A>T,p.Asn501Tyr
23075,T,C,13,0.787,2,11,missense_variant,MODERATE,S,GU280_gp02,c.1513T>C,p.Tyr505His
23403,A,G,48,0.491,23,25,missense_variant,MODERATE,S,GU280_gp02,c.1841A>G,p.Asp614Gly
23525,C,T,36,0.847,5,31,missense_variant,MODERATE,S,GU280_gp02,c.1963C>T,p.His655Tyr
23599,T,G,31,0.923,2,29,missense_variant,MODERATE,S,GU280_gp02,c.2037T>G,p.Asn679Lys
23604,C,A,30,0.92,2,28,missense_variant,MODERATE,S,GU280_gp02,c.2042C>A,p.Pro681His
23854,C,A,22,0.856,2,20,missense_variant,MODERATE,S,GU280_gp02,c.2292C>A,p.Asn764Lys
23948,G,T,9,0.8,1,8,missense_variant,MODERATE,S,GU280_gp02,c.2386G>T,p.Asp796Tyr
24424,A,T,15,0.859,1,14,missense_variant,MODERATE,S,GU280_gp02,c.2862A>T,p.Gln954His
24469,T,A,19,0.895,1,18,missense_variant,MODERATE,S,GU280_gp02,c.2907T>A,p.Asn969Lys
25000,C,T,16,0.941,0,16,synonymous_variant,LOW,S,GU280_gp02,c.3438C>T,p.Asp1146Asp
25006,C,T,15,0.186,13,2,synonymous_variant,LOW,S,GU280_gp02,c.3444C>T,p.Phe1148Phe
25416,C,T,26,0.87,3,23,synonymous_variant,LOW,ORF3a,GU280_gp03,c.24C>T,p.Phe8Phe
25500,G,T,19,0.155,17,2,synonymous_variant,LOW,ORF3a,GU280_gp03,c.108G>T,p.Pro36Pro
25572,C,T,20,0.263,16,4,synonymous_variant,LOW,ORF3a,GU280_gp03,c.180C>T,p.Ser60Ser
25584,C,T,17,0.945,0,17,synonymous_variant,LOW,ORF3a,GU280_gp03,c.192C>T,p.Thr64Thr
26060,C,T,14,0.867,2,12,missense_variant,MODERATE,ORF3a,GU280_gp03,c.668C>T,p.Thr223Ile
26270,C,T,26,0.917,1,25,missense_variant,MODERATE,E,GU280_gp04,c.26C>T,p.Thr9Ile
26275,A,G,25,0.913,1,24,missense_variant,MODERATE,E,GU280_gp04,c.31A>G,p.Thr11Ala
26577,C,G,12,0.923,0,12,missense_variant,MODERATE,M,GU280_gp05,c.55C>G,p.Gln19Glu
26709,G,A,26,0.917,2,24,missense_variant,MODERATE,M,GU280_gp05,c.187G>A,p.Ala63Thr
26858,C,T,30,0.963,0,30,synonymous_variant,LOW,M,GU280_gp05,c.336C>T,p.Phe112Phe
27259,A,C,4,0.833,0,4,synonymous_variant,LOW,ORF6,GU280_gp06,c.58A>C,p.Arg20Arg
27382,GAT,CTC,6,0.88,0,6,missense_variant,MODERATE,ORF6,GU280_gp06,c.181_183delGATinsCTC,p.Asp61Leu
27431,C,T,15,0.186,12,3,missense_variant,MODERATE,ORF7a,GU280_gp07,c.38C>T,p.Ala13Val
27507,A,C,37,0.187,31,6,synonymous_variant,LOW,ORF7a,GU280_gp07,c.114A>C,p.Gly38Gly
27807,C,T,15,0.886,1,14,synonymous_variant,LOW,ORF7b,GU280_gp08,c.52C>T,p.Leu18Leu
27915,G,T,30,0.69,10,20,stop_gained,HIGH,ORF8,GU280_gp09,c.22G>T,p.Gly8*
28109,G,A,79,0.486,43,36,synonymous_variant,LOW,ORF8,GU280_gp09,c.216G>A,p.Gln72Gln
28209,G,C,48,0.074,44,4,missense_variant,MODERATE,ORF8,GU280_gp09,c.316G>C,p.Glu106Gln
28271,A,T,30,0.969,0,30,upstream_gene_variant,MODIFIER,N,GU280_gp10,c.-3A>T,
28297,T,C,32,0.567,14,18,synonymous_variant,LOW,N,GU280_gp10,c.24T>C,p.Asn8Asn
28311,C,T,33,0.821,3,28,missense_variant,MODERATE,N,GU280_gp10,c.38C>T,p.Pro13Leu
28311,CC,TT,33,0.089,3,2,missense_variant,MODERATE,N,GU280_gp10,c.38_39delCCinsTT,p.Pro13Leu
28361,GGAGAACGCA,G,32,0.868,5,27,disruptive_inframe_deletion,MODERATE,N,GU280_gp10,c.90_98delAGAACGCAG,p.Glu31_Ser33del
28374,G,A,33,0.127,30,3,missense_variant,MODERATE,N,GU280_gp10,c.101G>A,p.Gly34Glu
28447,A,G,37,0.225,30,7,synonymous_variant,LOW,N,GU280_gp10,c.174A>G,p.Gln58Gln
28881,GGG,AAC,51,0.955,2,49,missense_variant,MODERATE,N,GU280_gp10,c.608_610delGGGinsAAC,p.ArgGly203LysArg
29229,G,A,54,0.104,50,4,missense_variant,MODERATE,N,GU280_gp10,c.956G>A,p.Arg319His
29386,C,T,47,0.225,39,8,synonymous_variant,LOW,N,GU280_gp10,c.1113C>T,p.Asp371Asp
29388,A,G,48,0.099,44,4,missense_variant,MODERATE,N,GU280_gp10,c.1115A>G,p.Lys372Arg
29503,C,T,39,0.079,37,2,synonymous_variant,LOW,N,GU280_gp10,c.1230C>T,p.Ser410Ser
29510,A,C,36,0.945,1,35,missense_variant,MODERATE,N,GU280_gp10,c.1237A>C,p.Ser413Arg
29625,C,T,25,0.205,20,5,missense_variant,MODERATE,ORF10,GU280_gp11,c.68C>T,p.Ser23Phe
29733,CGAGGCCACGCGGAGTACGATCGAGTG,C,16,0.776,3,13,downstream_gene_variant,MODIFIER,S,GU280_gp02,c.*4350_*4375delGAGGCCACGCGGAGTACGATCGAGTG,
